<?xml version="1.0" encoding="UTF-8"?>
<beans:beans xmlns="http://www.springframework.org/schema/mvc"
	xmlns:xsi="http://www.w3.org/2001/XMLSchema-instance" xmlns:beans="http://www.springframework.org/schema/beans"
	xmlns:context="http://www.springframework.org/schema/context"
	xsi:schemaLocation="
        http://www.springframework.org/schema/mvc http://www.springframework.org/schema/mvc/spring-mvc-3.0.xsd
        http://www.springframework.org/schema/beans http://www.springframework.org/schema/beans/spring-beans-3.0.xsd
  		http://www.springframework.org/schema/context http://www.springframework.org/schema/context/spring-context-3.0.xsd">

	<context:component-scan base-package="com.userlogin.controller"/>



	<beans:bean id="viewResolver" class="org.springframework.web.servlet.view.InternalResourceViewResolver">
		<beans:property name="prefix">
			<beans:value>/WEB-INF/views/</beans:value>
		</beans:property>
		<beans:property name="suffix">
			<beans:value>.jsp</beans:value>
		</beans:property>
	</beans:bean>
	
	<beans:bean class="org.springframework.web.servlet.mvc.method.annotation.RequestMappingHandlerAdapter">
        <beans:property name="messageConverters">
            <beans:list>
                <beans:bean class="org.springframework.http.converter.json.MappingJackson2HttpMessageConverter"/>
                <beans:bean class="org.springframework.http.converter.ByteArrayHttpMessageConverter"/>
                <beans:bean class="org.springframework.http.converter.xml.SourceHttpMessageConverter"/>
                <beans:bean class="org.springframework.http.converter.FormHttpMessageConverter"/>
                <beans:bean class="org.springframework.http.converter.StringHttpMessageConverter"/>
            </beans:list>
        </beans:property>

    </beans:bean>
    
    <beans:bean
		class="org.springframework.web.servlet.mvc.method.annotation.RequestMappingHandlerMapping" />
	
	
</beans:beans>