<?xml version="1.0" encoding="UTF-8"?>
<beans:beans xmlns="http://www.springframework.org/schema/security"
             xmlns:beans="http://www.springframework.org/schema/beans"
             xmlns:xsi="http://www.w3.org/2001/XMLSchema-instance"
             xsi:schemaLocation="http://www.springframework.org/schema/beans
		http://www.springframework.org/schema/beans/spring-beans-3.0.xsd
		http://www.springframework.org/schema/security
		http://www.springframework.org/schema/security/spring-security.xsd">

		<http auto-config="true">
	        <intercept-url pattern="/update" access="hasAnyRole('ROLE_USER','ROLE_ADMIN')"/>
	        <intercept-url pattern="/tutorials" access="hasAnyRole('ROLE_USER','ROLE_ADMIN')"/>
	        <intercept-url pattern="/admin" access="hasAnyRole('ROLE_ADMIN')"/>
	        <intercept-url pattern="/generateCaptcha" access="hasRole('ANONYMOUS')"/>
	        <intercept-url pattern="/sample" access="hasRole('ANONYMOUS')"/>
	        <!-- <intercept-url pattern="/welcome" access="hasRole('ROLE_USER')"/> -->
	        <form-login login-page="/login" default-target-url="/update" authentication-failure-url="/login?error" username-parameter="username" 
	        		password-parameter="password"/>
	        <logout logout-url="/logout" logout-success-url="/login" />
    	</http>

	    <authentication-manager alias="authenticationManager">
	        <authentication-provider user-service-ref="userDetailsServiceImpl">
	           <!--  <password-encoder ref="encoder"></password-encoder> -->
	        </authentication-provider>
	    </authentication-manager>
	
	    <beans:bean id="userDetailsServiceImpl" class="com.user.service.UserDetailsValidationServiceImpl"></beans:bean>
    
</beans:beans>