<?xml version="1.0" encoding="UTF-8"?>
<beans xmlns="http://www.springframework.org/schema/beans"
	xmlns:xsi="http://www.w3.org/2001/XMLSchema-instance"
	xmlns:cache="http://www.springframework.org/schema/cache" 
	xmlns:util="http://www.springframework.org/schema/util"
	xmlns:jpa="http://www.springframework.org/schema/data/jpa"
	xmlns:context="http://www.springframework.org/schema/context"
	xmlns:aop="http://www.springframework.org/schema/aop"
	xmlns:tx="http://www.springframework.org/schema/tx"
	xmlns:jee="http://www.springframework.org/schema/jee"
	xmlns:p="http://www.springframework.org/schema/p"
	xmlns:task="http://www.springframework.org/schema/task"
	xsi:schemaLocation=" 	
				 http://www.springframework.org/schema/beans
			     http://www.springframework.org/schema/beans/spring-beans.xsd 
			     http://www.springframework.org/schema/data/jpa
			     http://www.springframework.org/schema/data/jpa/spring-jpa-1.0.xsd
			     http://www.springframework.org/schema/aop 
			     http://www.springframework.org/schema/aop/spring-aop-3.0.xsd 
			     http://www.springframework.org/schema/util 
			     http://www.springframework.org/schema/util/spring-util-3.0.xsd 
			     http://www.springframework.org/schema/jee 
			     http://www.springframework.org/schema/jee/spring-jee-3.0.xsd
			     http://www.springframework.org/schema/tx
			     http://www.springframework.org/schema/tx/spring-tx-3.0.xsd
				 http://www.springframework.org/schema/task http://www.springframework.org/schema/task/spring-task-3.2.xsd">
				 
	<jpa:repositories base-package="com.userlogin.dao" />
	<context:component-scan base-package="com.user.service"/>
	<context:component-scan base-package="com.user.business"/>
	
	
	<bean id="transactionManager" class="org.springframework.orm.jpa.JpaTransactionManager">
		<property name="entityManagerFactory" ref="entityManagerFactory" />
		<property name="dataSource" ref="dataSource" />
	</bean>
	
	<bean id="entityManagerFactory"
		class="org.springframework.orm.jpa.LocalContainerEntityManagerFactoryBean"
		p:dataSource-ref="dataSource" p:jpaDialect-ref="jpaDialect"
		p:persistence-xml-location="/WEB-INF/persistence-application.xml"
		p:persistenceUnitName="com.userlogin.jta">
		<property name="jpaVendorAdapter">
			<bean class="org.springframework.orm.jpa.vendor.HibernateJpaVendorAdapter"
				p:showSql="true" p:generateDdl="false" p:database="H2"
				p:databasePlatform="org.hibernate.dialect.H2Dialect" />
		</property>
		<!-- <property name="jpaPropertyMap" ref="cacheSupportJpaPropertyMap" /> -->
	</bean>
	
	<bean id="jpaDialect" class="org.springframework.orm.jpa.vendor.HibernateJpaDialect" />
		
	<!-- <bean id="dataSource" class="org.springframework.jdbc.datasource.SimpleDriverDataSource"
		destroy-method="close">
		<property name="driverClassName" value="org.h2.Driver" />
		<property name="url" value="jdbc:h2:~/test" />
		<property name="username" value="sa" />
		<property name="password" value="sa" />
	</bean>  -->
	
	<bean id="dataSource" class="org.h2.jdbcx.JdbcConnectionPool" destroy-method="dispose">
    <constructor-arg>
        <bean class="org.h2.jdbcx.JdbcDataSource">
            <property name="URL" value="jdbc:h2:file:/FSE Softwares/DB Details/UserDb;AUTO_SERVER=TRUE"/>
            <property name="user" value="kamal"/>
            <property name="password" value="kamal984"/>
         </bean>
    </constructor-arg>
</bean>  			 

</beans>